INSERT INTO business_category (category_name) VALUES
('elektronikai bolt'),
('szepsegapolas'),
('ekszerbolt'),
('parfumeria'),
('ruhazati bolt'),
('cipobolt'),
('sportruhazat'),
('konyvesbolt'),
('orabolt'),
('etterem'),
('optikus');

INSERT INTO address (after_house_number, city, country, house_number, postal_code, state, street_name, street_type) VALUES
('1. em.', 'Gyor', 'Magyarorszag', '1', '9027', 'Gyor-Moson Sopron', 'Budai', 'ut'),
('fsz. ', 'Gyor', 'Magyarorszag', '1', '9024', 'Gyor-Moson Sopron', 'Vasvari Pal', 'utca'),
('3.em 2-es ajto', 'Gyor', 'Magyarorszag', '42', '9024', 'Gyor-Moson-Sopron', 'Tancsics Mihaly', 'utca'),
('2.em. 6-os ajto', 'Gyor', 'Magyarorszag', '16', '9024', 'Gyor-Moson-Sopron', 'Petofi', 'utca');

INSERT INTO profile (birth_date, first_name, last_name, address_id) VALUES
('1998-10-18', 'Emil', 'Jonas', 3),
('2002-07-14', 'Gabor', 'Kiss', 4);

INSERT INTO user (email, password, public_id, registration_date, username, profile_id, role, enabled) VALUES
('jonasemil@email.com', 'JonasEmil11', '8952a10e-e0e0-4e66-a25e-56799af6d1d0', '2022-10-28', 'emilke11', 1, 'USER', 1),
('kissgabor14@email.com', 'Gaborka001', '87239190-98b1-438e-984a-2c2534e8c987', '2022-10-27', 'gabesz77', 2, 'USER', 1),
('nagypityu@email.com', 'Pityuka001', 'e18f28c9-b5f4-468e-8b50-affa07e9c6c8', '2022-10-27', 'pityu77', null, 'USER', 0);;

INSERT INTO auth_token (expiry_date, token, token_type, user_id) VALUES
('2022-10-27 11:42:57', 'f24a2dcd-9dc8-4772-99f2-e1dbb6555752', 'VERIFY', 3),
('2022-10-27 11:42:57', 'b83ec2e1-f6ef-4649-a614-62d31cb0d3e3', 'PASSWORD', 2);

INSERT INTO location(longitude, latitude) VALUES
('47.689730', '17.644799'),
('47.689717', '17.644499'),
('47.689809', '17.644551'),
('47.689871', '17.644500'),
('47.689869', '17.644444'),
('47.689904', '17.644215'),
('47.689711', '17.644247'),
('47.689672', '17.644653'),
('47.689551', '17.644600'),
('47.690478', '17.644388'),
('47.690354', '17.643701'),
('47.690440', '17.643896'),
('47.690328', '17.644019'),
('47.690253', '17.643808'),
('47.690829', '17.643655'),
('47.669030', '17.652008'),
('47.669331', '17.651292'),
('47.669139', '17.651895'),
('47.668830', '17.651946'),
('47.669345', '17.651419'),
('47.669674', '17.650297'),
('47.669575', '17.650599'),
('47.669543', '17.650511'),
('47.669863', '17.650385'),
('47.670093', '17.650841'),
('47.670191', '17.650676'),
('47.668854', '17.651440'),
('47.669655', '17.650810'),
('47.669609', '17.651337'),
('47.669382', '17.651047');

INSERT INTO shop (location_id, name, address_id, category_id) VALUES
(1, 'Humanic - Arkad', 1, 5),
(2, 'New Yorker', 1, 5),
(3, 'Hervis Gyor', 1, 7),
(4, 'iSTYLE Gyor - Apple Authorised Reseller', 1, 1),
(5, 'Douglas Parf?m?ria', 1, 4),
(6, 'ZARA', 1, 5),
(7, 'X-CLASS', 1, 5),
(8, 'Sizeer', 1, 6),
(9, 'GAS', 1, 5),
(10, 'Burger King', 1, 10),
(11, 'KFC Gyor Arkad', 1, 10),
(12, 'Bijou Brigitte', 1, 3),
(13, 'PANDORA', 1, 3),
(14, 'Ujvilag Eszer Ora - Gyor Arkad', 1, 9),
(15, 'INTERSPAR Hipermarket', 1, 3),
(16, 'budmil Store', 2, 5),
(17, 'Dinamic Sport', 2, 7),
(18, 'Best Byte', 2, 1),
(19, 'Rossmann', 2, 2),
(20, 'CCC Shoes & Bags', 2, 6),
(21, 'Don Pepe Gyor', 2, 10),
(22, 'Hope Grill', 2, 10),
(23, 'Thai Bufe', 2, 10),
(24, 'PEPCO', 2, 5),
(25, 'Retro Jeans Outlet', 2, 5),
(26, 'DEICHMANN', 2, 6),
(27, 'eMag Gyor', 2, 1),
(28, 'Pizza Hut Gyor Plaza', 2, 10),
(29, 'Vision Express', 2, 11),
(30, 'Libri Gyor Plaza Konyvesbolt', 2, 8);

INSERT INTO transaction (cost, currency, description, is_income, issued_at, payment_method, user_id, shop_id) VALUES
('15000.00', 'HUF', 'ruhat vettem', b'0', '2022-10-29', 0, 1, 1),
('14325.00', 'HUF', 'kaja', b'0', '2022-10-30', 1, 2, 2),
('650.00', 'HUF', 'hugom ruhaja', b'0', '2022-10-31', 0, 2, 3),
('11450.00', 'HUF', 'tesomnak fejhallgato', b'0', '2022-11-01', 0, 1, 4),
('12000.00', 'HUF', 'bubble tea', b'0', '2022-11-02', 1, 1, 5),
('12350.00', 'HUF', 'ruhat vettem', b'0', '2022-11-03', 0, 1, 6),
('6980.00', 'HUF', 'kaja', b'0', '2022-11-04', 1, 1, 7),
('1140.00', 'HUF', 'virag', b'0', '2022-11-05', 0, 2, 8),
('870.00', 'HUF', 'iskolataska', b'0', '2022-11-06', 1, 2, 9),
('5560.00', 'HUF', 'fuzetek', b'0', '2022-11-07', 0, 1, 10),
('40946.00', 'HUF', 'napszemuveg', b'0', '2022-11-08', 1, 2, 11),
('27374.00', 'HUF', 'kaja', b'0', '2022-11-09', 0, 1, 12),
('4204.00', 'HUF', 'nyaklanc', b'0', '2022-11-10', 1, 2, 13),
('27585.00', 'HUF', 'fulbevalo', b'0', '2022-11-11', 0, 2, 14),
('12732.00', 'HUF', 'ekszerek', b'0', '2022-11-12', 0, 1, 15),
('35463.00', 'HUF', 'karkoto', b'0', '2022-11-13', 0, 2, 1),
('9093.00', 'HUF', 'ruhat vettem', b'0', '2022-11-14', 0, 1, 2),
('8188.00', 'HUF', 'kaja', b'0', '2022-11-15', 1, 2, 3),
('20218.00', 'HUF', 'hugom ruhaja', b'0', '2022-11-16', 1, 1, 4),
('40601.00', 'HUF', 'tesomnak fejhallgato', b'0', '2022-11-17', 0, 2, 5),
('137410.00', 'HUF', 'tv karacsonyra', b'0', '2022-11-18', 1, 1, 6),
('19636.00', 'HUF', 'ruhat vettem', b'0', '2022-11-19', 0, 2, 7),
('11377.00', 'HUF', 'kaja', b'0', '2022-11-20', 1, 1, 8),
('19175.00', 'HUF', 'virag', b'0', '2022-11-21', 1, 1, 9),
('17405.00', 'HUF', 'iskolataska', b'0', '2022-11-22', 0, 1, 10),
('6728.00', 'HUF', 'fuzetek', b'0', '2022-11-23', 1, 2, 11),
('40483.00', 'HUF', 'napszemuveg', b'0', '2022-11-24', 0, 2, 12),
('39693.00', 'HUF', 'kaja', b'0', '2022-11-25', 1, 1, 13),
('16542.00', 'HUF', 'nyaklanc', b'0', '2022-11-26', 0, 2, 14),
('20360.00', 'HUF', 'fulbevalo', b'0', '2022-11-27', 1, 1, 15),
('50000.00', 'HUF', 'crypto bevétel', b'1', '2022-11-01', 1, 1, null),
('150000.00', 'HUF', 'novemberi fizu', b'1', '2022-11-02', 1, 1, null),
('10000.00', 'HUF', 'crypto bevétel', b'1', '2022-11-01', 1, 2, null),
('350100.00', 'HUF', 'novemberi fizu', b'1', '2022-11-02', 1, 2, null);
